control_id,domain,requirement,scope,applicability,status,test_method,evidence_ids,finding_ids,adjudication_ids,rationale,assessor_notes
1.1.1,1 Authentication,Authentication is resistant to brute force attacks,Web application; Web and mobile APIs,Applicable,PASS,code review + runtime,E-121,,,Official AL2 verification criterion met; see evidence.,
1.1.2,1 Authentication,System generated initial passwords or activation codes shall be securely randomly generated and expire after a short period.,Web application; Web and mobile APIs,Applicable,PASS,code review + runtime,E-122,,,Official AL2 verification criterion met; see evidence.,
1.1.3,1 Authentication,Passwords shall be stored in a form that is resistant to offline attacks.,Web application; Web and mobile APIs,Applicable,PASS,code review + runtime,E-123,,,Official AL2 verification criterion met; see evidence.,
1.2.1,1 Authentication,Default credentials shall not present on publicly exposed interfaces.,Web application,Applicable,PASS,code review + runtime,E-131,,,Official AL2 verification criterion met; see evidence.,
1.3.1,1 Authentication,Out of band verifier shall expire in a reasonable timeframe.,Web application; Web and mobile APIs,Applicable,PASS,code review + runtime,E-141,,,Official AL2 verification criterion met; see evidence.,
1.3.2,1 Authentication,Out of band verifier shall only be used once.,Web application; Web and mobile APIs,Applicable,PASS,code review + runtime,E-142,,,Official AL2 verification criterion met; see evidence.,
1.3.3,1 Authentication,Out of band verifier shall be securely random,Web application; Web and mobile APIs,Applicable,PASS,code review + runtime,E-143,,,Official AL2 verification criterion met; see evidence.,
1.3.4,1 Authentication,Out of band verifier shall be resistant to brute force attacks,Web application; Web and mobile APIs,Applicable,PASS,code review + runtime,E-144,,,Official AL2 verification criterion met; see evidence.,
2.1.1,2 Session Management,"The application shall not reveal passwords or session tokens in URL parameters. In cases where the application provides an API, the application shall prevent (or give developers an option) to prevent exposing sensitive information like API keys or session tokens within the URL query strings",Web application,Applicable,PASS,code review + runtime,E-131,,,Official AL2 verification criterion met; see evidence.,
2.2.1,2 Session Management,"Users shall have the ability to logout of the application. Logout or session expiration shall invalidate all stateful session tokens, including refresh tokens.",Web application; Web and mobile APIs,Applicable,PASS,code review + runtime,E-141,,,Official AL2 verification criterion met; see evidence.,
2.2.2,2 Session Management,"The application shall provide the option (or acts by default) to terminate all other active sessions, including stateful refresh tokens, after a successful password change (including change via password reset/recovery), and that this is effective across the application, federated login (if present), and any relying parties.",Web application; Web and mobile APIs,Applicable,PASS,code review + runtime,E-142,,,Official AL2 verification criterion met; see evidence.,
2.2.3,2 Session Management,Non-revocable sateless authentication tokens must expire within 24 hours of being issued,Web application; Web and mobile APIs,Applicable,PASS,code review + runtime,E-143,,,Official AL2 verification criterion met; see evidence.,
2.3.1,2 Session Management,Cookie-based session tokens shall have the 'Secure' attribute set.,Web and mobile APIs,Applicable,PASS,code review + runtime,E-151,,,Official AL2 verification criterion met; see evidence.,
2.3.2,2 Session Management,Cookie-based session tokens shall have the 'HttpOnly' attribute set.,Web and mobile APIs,Applicable,PASS,code review + runtime,E-152,,,Official AL2 verification criterion met; see evidence.,
2.3.3,2 Session Management,"The application shall use session tokens rather than static API secrets and keys, except with legacy implementations.",Web and mobile APIs,Applicable,PASS,code review + runtime,E-153,,,Official AL2 verification criterion met; see evidence.,
2.3.4,2 Session Management,"Stateless session tokens shall use digital signatures, encryption, and other countermeasures to protect against tampering, enveloping, replay, null cipher, and key substitution attacks.",Web and mobile APIs,Applicable,PASS,code review + runtime,E-154,,,Official AL2 verification criterion met; see evidence.,
2.4.1,2 Session Management,"Verify the application ensures a full, valid login session or requires re-authentication or secondary verification before allowing any sensitive transactions or account modifications.",Web and mobile APIs,Applicable,PASS,code review + runtime,E-161,,,Official AL2 verification criterion met; see evidence.,
3.1.1,3 Access Control,The application shall enforce least privilege access control rules on a trusted service layer.,Web application; Web and mobile APIs,Applicable,PASS,code review + runtime,E-141,,,Official AL2 verification criterion met; see evidence.,
3.1.2,3 Access Control,All user and data attributes and policy information used by access controls shall not be able to be manipulated by end users unless specifically authorized.,Web application; Web and mobile APIs,Applicable,FAIL,runtime,E-014,CASA-F-001,,Parameter manipulation allowed access to another user profile.,
3.1.3,3 Access Control,Access controls shall fail securely including when an exception occurs.,Web application; Web and mobile APIs,Applicable,PASS,code review + runtime,E-143,,,Official AL2 verification criterion met; see evidence.,
3.1.4,3 Access Control,"Sensitive resources shall be protected against Insecure Direct Object Reference (IDOR) attacks targeting creation, reading, updating and deletion of records, such as creating or updating someone else's record, viewing everyone's records, or deleting all records.",Web application; Web and mobile APIs,Applicable,PASS,code review + runtime,E-144,,,Official AL2 verification criterion met; see evidence.,
3.1.5,3 Access Control,"The application or framework shall enforce a strong anti-CSRF mechanism to protect authenticated functionality, and effective anti-automation or anti-CSRF protects unauthenticated functionality.",Web application; Web and mobile APIs,Applicable,PASS,code review + runtime,E-145,,,Official AL2 verification criterion met; see evidence.,
3.1.6,3 Access Control,Directory browsing shall be disabled unless deliberately desired.,Web application; Web and mobile APIs,Applicable,PASS,code review + runtime,E-146,,,Official AL2 verification criterion met; see evidence.,
3.2.1,3 Access Control,"Application shall implement only secure and recommended OAuth 2.0 flows, such as the Authorization Code Flow or the Authorization Code Flow with PKCE, while avoiding the use of deprecated flows like the Implicit Flow or the Resource Owner Password Credentials Flow.",Web application; Web and mobile APIs,Applicable,PASS,code review + runtime,E-151,,,Official AL2 verification criterion met; see evidence.,
3.2.2,3 Access Control,Ensure that the application securely validates the redirect_uri and state parameters during the OAuth 2.0 authorization process to prevent open redirect and CSRF vulnerabilities.,Web application; Web and mobile APIs,Applicable,PASS,code review + runtime,E-152,,,Official AL2 verification criterion met; see evidence.,
3.3.1,3 Access Control,Application administrative interfaces shall use appropriate multi-factor authentication to prevent unauthorized use.,Web application,Applicable,PASS,code review + runtime,E-161,,,Official AL2 verification criterion met; see evidence.,
4.1.1,4 Communications,"Application shall enforce the use of TLS for all connections and default to TLS 1.2+. In cases where support for legacy clients is necessary, TLS 1.0 and 1.1 may be supported if mitigations are implemented to minimize the risk of downgrade attacks and known TLS exploits. Regardless of the TLS version in use, the application shall default to secure cipher suites and reject those with known vulnerabilities.",Web application; Web and mobile APIs,Applicable,PASS,code review + runtime,E-151,,,Official AL2 verification criterion met; see evidence.,
4.1.2,4 Communications,"Connections to and from the server shall use trusted TLS certificates. Where internally generated or self-signed certificates are used, the server must be configured to only trust specific internal CAs and specific self-signed certificates. All others should be rejected.",Web application; Web and mobile APIs,Applicable,PASS,code review + runtime,E-152,,,Official AL2 verification criterion met; see evidence.,
4.1.3,4 Communications,No instances of weak cryptography which meaningfully impact the confidentiality or integrity of confidential data.,Web application; Web and mobile APIs,Applicable,PASS,code review + runtime,E-153,,,Official AL2 verification criterion met; see evidence.,
4.1.4,4 Communications,"All cryptographic modules shall fail securely, and errors are handled in a way that does not enable Padding Oracle attacks.",Web application; Web and mobile APIs,Applicable,PASS,code review + runtime,E-154,,,Official AL2 verification criterion met; see evidence.,
5.1.1,5 Data Validation and Sanitization,Protect against HTTP parameter pollution.,Web application; Web and mobile APIs,Applicable,PASS,code review + runtime,E-161,,,Official AL2 verification criterion met; see evidence.,
5.1.2,5 Data Validation and Sanitization,URL redirects and forwards are limited to allowlisted URLs or a warning is displayed when redirecting to untrusted content.,Web application; Web and mobile APIs,Applicable,PASS,code review + runtime,E-162,,,Official AL2 verification criterion met; see evidence.,
5.1.3,5 Data Validation and Sanitization,"Avoid the use of eval() or other dynamic code execution features. When there is no alternative, any user input is sanitized and sandboxed before being executed.",Web application; Web and mobile APIs,Applicable,PASS,code review + runtime,E-163,,,Official AL2 verification criterion met; see evidence.,
5.1.4,5 Data Validation and Sanitization,Protect against template injection attacks by ensuring that any user input being included is sanitized or sandboxed.,Web application; Web and mobile APIs,Applicable,PASS,code review + runtime,E-164,,,Official AL2 verification criterion met; see evidence.,
5.1.5,5 Data Validation and Sanitization,Prevent Server-Side Request Forgery (SSRF),Web application; Web and mobile APIs,Applicable,PASS,code review + runtime,E-165,,,Official AL2 verification criterion met; see evidence.,
5.1.6,5 Data Validation and Sanitization,Protect against XPath or XML injection attacks,Web application; Web and mobile APIs,Applicable,PASS,code review + runtime,E-166,,,Official AL2 verification criterion met; see evidence.,
5.1.7,5 Data Validation and Sanitization,"Context-aware output escaping or sanitization protects against reflected, stored, and DOM based XSS.",Web application; Web and mobile APIs,Applicable,PASS,code review + runtime,E-167,,,Official AL2 verification criterion met; see evidence.,
5.1.8,5 Data Validation and Sanitization,Protect against database injection attacks,Web application; Web and mobile APIs,Applicable,PASS,code review + runtime,E-168,,,Official AL2 verification criterion met; see evidence.,
5.1.9,5 Data Validation and Sanitization,Protect against OS command injections,Web application; Web and mobile APIs,Applicable,PASS,code review + runtime,E-169,,,Official AL2 verification criterion met; see evidence.,
5.1.10,5 Data Validation and Sanitization,Protect against local file inclusion or remote file inclusion attacks,Web application; Web and mobile APIs,Applicable,PASS,code review + runtime,E-170,,,Official AL2 verification criterion met; see evidence.,
5.2.1,5 Data Validation and Sanitization,Protect against malicious file uploads by limiting uploads to expected file types and preventing direct execution of uploaded content.,Web application; Web and mobile APIs,Not Applicable,N/A,code review,E-030,,,Application exposes no file-upload functionality; confirmed by route inventory E-030.,
6.1.1,6 Configuration,The app only uses software components without known exploitable vulnerabilities.,Web application,Applicable,PASS,code review + runtime,E-171,,,Official AL2 verification criterion met; see evidence.,
6.2.1,6 Configuration,Disable debug modes in production environments,Web application,Applicable,PASS,code review + runtime,E-181,,,Official AL2 verification criterion met; see evidence.,
6.3.1,6 Configuration,The origin header shall not be used for authentication of access control decisions,Web application; Web and mobile APIs,Applicable,PASS,code review + runtime,E-101,,,Official AL2 verification criterion met; see evidence.,
6.4.1,6 Configuration,The application shall not be susceptible to subdomain takeovers.,Web application,Applicable,BLOCKED,dns inventory,E-040,,ADJ-001,DNS zone access not granted; takeover indicators could not be validated.,
6.5.1,6 Configuration,"The application shall not log credentials or payment details. Session tokens shall only be stored in logs in an irreversible, hashed form.",Web application; Web and mobile APIs,Applicable,PASS,code review + runtime,E-121,,,Official AL2 verification criterion met; see evidence.,
6.6.1,6 Configuration,Browser storage is securely cleared during logout.,Web application,Applicable,PASS,code review + runtime,E-131,,,Official AL2 verification criterion met; see evidence.,
6.7.1,6 Configuration,"The application shall securely store access tokens, API keys, and other server-side secrets.",Web application; Web and mobile APIs,Applicable,PASS,code review + runtime,E-141,,,Official AL2 verification criterion met; see evidence.,
